Length (Angstrom), Energy (Ha)
2.47897354 , -37.296269470463855
2.1 , -37.225528376821963
2.2 , -37.274632659626668
2.3 , -37.296772395944913
2.4 , -37.301179873825788
2.5 , -37.294071350583081
2.6 , -37.280036377851594
